CSDUID,CSDNAME,CSDTYPE,OMEC_LAT,OMEC_LON,OMEC_RAD_M
5901003,Elkford,DM,50.092078755725,-114.8932774265481,14739.325296227766
5901006,Sparwood,DM,49.715245978160226,-114.76902468696554,28848.507670900854
5901012,Fernie,CY,49.505247973518536,-115.06359064208272,3318.730493970505
5901017,East Kootenay A,RDA,49.78558228047626,-114.63590471003242,96568.83057125418
5901019,East Kootenay B,RDA,49.163763553801296,-115.22643133677099,40807.162157986066
5901022,Cranbrook,CY,49.55472877504942,-115.77240708152196,8041.153725570389
5901028,Kimberley,CY,49.67715497414538,-115.96736642077573,6595.506466577854
5901035,East Kootenay C,RDA,49.56040072159067,-115.52586615948569,72043.72066232601
5901037,East Kootenay E,RDA,49.79326265054232,-116.06594568458758,56101.09394541492
5901039,Invermere,DM,50.50216130978339,-116.04053163777569,3288.687817242318
5901040,Radium Hot Springs,VL,50.62915709053614,-116.07469219288836,2231.525243320739
5901043,Canal Flats,VL,50.16486005079139,-115.82281891434306,3187.9124250674363
5901046,East Kootenay F,RDA,50.304209018987265,-115.83451034973895,59304.06558280386
5901048,East Kootenay G,RDA,50.84038376269327,-116.2593242188161,54248.070340158636
5901801,Tobacco Plains 2,IRI,49.0481551455159,-115.0888524035898,6125.2678955167485
5901802,Isidore's Ranch 4,IRI,49.545023781688855,-115.6004410731094,1293.7248105484352
5901803,Kootenay 1,IRI,49.63777587035931,-115.73108034368626,7329.821956366367
5901804,Columbia Lake 3,IRI,50.40863154619614,-115.91415784739627,7097.02400496954
5901805,Cassimayooks (Mayook) 5,IRI,49.49146042085122,-115.56525842496092,568.5179476144318
5901806,Shuswap,IRI,50.53803963308803,-116.02042868162177,3158.5201811796073
5901808,St. Mary's,IRI,49.58265359590471,-115.76650121697404,1183.8866533811263
5903004,Creston,T,49.108246191293254,-116.51155446714775,2578.124426620783
5903010,Central Kootenay A,RDA,49.49367365780253,-116.75880838324092,42656.39711319403
5903011,Salmo,VL,49.189212511528474,-117.28243999451414,1308.8320588408617
5903013,Central Kootenay B,RDA,49.25536942411976,-116.265284435752,33280.32141741856
5903015,Nelson,CY,49.4949694524866,-117.34083119236797,14481.39022318362
5903017,Central Kootenay C,RDA,49.098987154546286,-116.76004839986649,21744.941919023637
5903019,Slocan,VL,49.7663854049521,-117.46888555377512,720.5999904874229
5903023,Kaslo,VL,49.90509063361065,-116.92233422817597,1984.9125633281378
5903027,Silverton,VL,49.95280893038141,-117.36188325221238,670.9836499919563
5903032,New Denver,VL,49.98924307587944,-117.3754406851495,1037.880799703657
5903039,Central Kootenay D,RDA,50.377644602165915,-117.0478889105427,76950.87672059237
5903041,Central Kootenay E,RDA,49.51919600708822,-117.22317426471228,30585.998242160542
5903043,Central Kootenay F,RDA,49.6166301341913,-117.36150068357098,20082.7273355452
5903045,Castlegar,CY,49.300625845285246,-117.67842645212103,8837.69912952485
5903047,Central Kootenay G,RDA,49.18298562144347,-117.19012327747947,28763.72616516827
5903050,Nakusp,VL,50.266538922852455,-117.79140381530016,8499.27383403942
5903052,Central Kootenay H,RDA,49.8856610894212,-117.5470421877113,52904.78665094176
5903056,Central Kootenay I,RDA,49.38045534373556,-117.5911072930345,8462.942196855842
5903058,Central Kootenay J,RDA,49.50017327631797,-117.89982505709415,46565.606949295696
5903060,Central Kootenay K,RDA,50.19315341507922,-118.07640595349964,55776.181512738745
5903807,Creston 1,IRI,49.053478493802174,-116.53692706762754,2615.569772830141
5905005,Fruitvale,VL,49.11104215901403,-117.55401698756789,1667.2956727221351
5905009,Montrose,VL,49.07702820376071,-117.59145140948743,1005.2473618105893
5905014,Trail,CY,49.08917658736752,-117.70030777257388,6848.14315269415
5905018,Warfield,VL,49.09731552628182,-117.74511752277175,1263.0384684101273
5905023,Rossland,CY,49.124975449911176,-117.83255544207618,8203.409327799825
5905026,Kootenay Boundary A,RDA,49.10172314451185,-117.58528688697187,14059.710102392433
5905030,Kootenay Boundary B / Lower Columbia-Old-Glory,RDA,49.138132465121615,-117.89033990912017,24784.85171780406
5905032,Grand Forks,CY,49.03074305393003,-118.44451083294344,2547.54486014833
5905037,Midway,VL,49.002720660161565,-118.80013095635421,3683.9461388307022
5905042,Greenwood,CY,49.09406744487201,-118.67823432670723,1650.8177808023654
5905050,Kootenay Boundary C / Christina Lake,RDA,49.15611056567808,-118.18019026364395,19349.62713309245
5905052,Kootenay Boundary D / Rural Grand Forks,RDA,49.40478003310026,-118.44472795939946,46219.309674504126
5905054,Kootenay Boundary E / West Boundary,RDA,49.40680307627312,-118.90643868535093,53323.4748088526
5907005,Osoyoos,T,49.02776249525337,-119.47035594764647,3171.739657011964
5907009,Keremeos,VL,49.20690745886824,-119.82522910823376,1102.583733330126
5907014,Oliver,T,49.18770459503573,-119.55251545404435,2181.752758930801
5907022,Okanagan-Similkameen A,RDA,49.090833503138725,-119.4491212249536,16438.069273745634
5907024,Princeton,T,49.38054548421148,-120.508613779375,11575.870524610993
5907026,Okanagan-Similkameen B,RDA,49.08328204658412,-119.78613732785911,14913.017357706007
5907028,Okanagan-Similkameen C,RDA,49.23168152018001,-119.4367150663647,20964.446064867927
5907035,Summerland,DM,49.63577386311133,-119.71325027050092,10436.746708072886
5907041,Penticton,CY,49.48962405996469,-119.56354948022687,7414.549752920338
5907047,Okanagan-Similkameen D,RDA,49.380044348001725,-119.38372944808987,17394.40558422878
5907048,Okanagan-Similkameen I,RDA,49.37280926749765,-119.72788002328929,17443.83974640922
5907049,Okanagan-Similkameen E,RDA,49.63650237374291,-119.51238810898184,20650.523003033853
5907051,Okanagan-Similkameen F,RDA,49.61520052799678,-119.82335318982938,20176.762399909647
5907053,Okanagan-Similkameen G,RDA,49.30563698684436,-120.16553479032612,38105.040753203
5907055,Okanagan-Similkameen H,RDA,49.42886055373553,-120.44788645860423,55860.30101331396
5907801,Lower Similkameen 2,IRI,49.11956259349104,-119.73533670155786,2932.5415959501374
5907802,Osoyoos 1,IRI,49.13860207514905,-119.47928617082901,12124.081349463608
5907803,Penticton 1,IRI,49.48200216002886,-119.70942096124907,13506.840916988202
5907805,Chopaka 7 & 8,IRI,49.0398170445091,-119.71985613216818,4590.824634504819
5907806,Blind Creek 6,IRI,49.18381470852156,-119.73160678004152,1076.4792186456084
5907807,Chuchuwayha 2,IRI,49.3453875116321,-120.07832774441555,5862.923693167199
5907808,Alexis 9,IRI,49.21797867230788,-119.9196453982566,1061.7826417895171
5907809,Ashnola 10,IRI,49.2430818688481,-120.00427970898774,7565.577680579206
5907850,Lulu 5,IRI,49.40329277481796,-120.22908895627695,369.0086318508861
5909009,Hope,DM,49.36709174404701,-121.46339310085023,8236.403036748423
5909014,Fraser Valley A,RDA,49.89169357094335,-121.70867990024881,45735.08624310662
5909016,Fraser Valley B,RDA,49.35155536313299,-121.27129159744959,49752.990973488886
5909020,Chilliwack,CY,49.131569613056335,-121.9376456637199,13732.202766187482
5909027,Harrison Hot Springs,VL,49.295722145004454,-121.78599449160798,2233.6445798739455
5909032,Kent,DM,49.28868896833537,-121.78474544091611,14850.475842501814
5909034,Fraser Valley D,RDA,49.201857137581975,-121.64481536318794,14745.401966430409
5909035,Fraser Valley H,RDA,49.00876499294005,-121.98549087564085,9655.039349161223
5909036,Fraser Valley E,RDA,49.04878970849444,-121.60484296202044,24965.895759721025
5909048,Fraser Valley C,RDA,49.68463890099492,-122.3342338695153,59212.83317627394
5909052,Abbotsford,CY,49.08767224639401,-122.28243009855959,16033.189844458386
5909056,Mission,DM,49.23499895353866,-122.35115620760523,14028.319224125233
5909060,Fraser Valley F,RDA,49.555314765901365,-122.53566514846673,49480.31227268328
5909062,Fraser Valley G,RDA,49.17556674818233,-122.10966535855079,10823.372976746057
5909804,Chawathil 4,IRI,49.37057603867837,-121.53855145156245,2537.885958478873
5909805,Inkahtsaph 6,IRI,50.00186566189936,-121.5065368165067,1419.8487213286583
5909806,Kopchitchin 2,IRI,49.869761853456545,-121.45287518224977,1176.3154304341065
5909807,Ohamil 1,IRI,49.33805811527526,-121.60808798565157,1015.019666674811
5909808,Puckatholetchin 11,IRI,49.444955698224646,-121.43461826422536,1492.4731649611726
5909809,Saddle Rock 9,IRI,49.631190403037586,-121.39542825924589,571.2348934564843
5909810,Lukseetsissum 9,IRI,49.35135632382353,-121.61475196514888,598.9188217924526
5909812,Schkam 2,IRI,49.395269500879735,-121.4546729941359,750.3054629318693
5909814,Skawahlook 1,IRI,49.36229131419861,-121.59003048406137,593.0342195092154
5909815,Speyum 3,IRI,49.94137121180277,-121.47385274861348,1608.100571531461
5909816,Spuzzum 1,IRI,49.65931929814902,-121.41334789076659,873.7098395411227
5909817,Tuckkwiowhum 1,IRI,49.83592389183684,-121.43226691030254,568.2512306731816
5909818,Yale Town 1,IRI,49.56163962796548,-121.42338629757968,268.7653580501721
5909819,Kahmoose 4,IRI,49.962264942881234,-121.48505997190121,341.53102522756956
5909821,Kwawkwawapilt 6,IRI,49.164142585795105,-121.97951396064275,675.4990268933161
5909824,Skwah 4,IRI,49.17665351233765,-121.97659369299112,1024.5090374844528
5909825,Skwali 3,IRI,49.18647759034876,-121.96396415969957,923.6704420384774
5909826,Skway 5,IRI,49.16891397951913,-121.99436158064913,1240.2154407184578
5909827,Soowahlie 14,IRI,49.0836971698653,-121.95720845906197,1561.7459052429394
5909830,Tzeachten 13,IRI,49.111107332941245,-121.94584932648215,1450.2376708274433
5909831,Yakweakwioose 12,IRI,49.13369431790974,-121.93640108156363,339.45275197935024
5909832,Seabird Island,IRI,49.2781140385639,-121.69820353450858,4455.654498033602
5909833,Scowlitz 1,IRI,49.233348685285826,-121.93693044834541,1188.218392630604
5909834,Tseatah 2,IRI,49.21703141404932,-121.75757547028482,827.7018216646359
5909835,Aitchelitch 9,IRI,49.14996654833184,-121.99105710676173,389.54022386002737
5909836,Boston Bar 1A,IRI,49.828441136695865,-121.42904774217402,669.3159442803477
5909837,Cheam 1,IRI,49.19705157626854,-121.76836019455172,1778.8562812917726
5909838,Schelowat 1,IRI,49.177655797527926,-121.83308498239872,813.11882089802
5909839,Chehalis 5,IRI,49.29487413347762,-121.90910365974533,2586.9276707851413
5909841,Stullawheets 8,IRI,49.470802747951765,-121.42542810913689,558.1920306887367
5909842,Douglas 8,IRI,49.758013373434515,-122.1699894190869,2408.571242726953
5909843,Peters 1,IRI,49.301534995159564,-121.65535139950686,941.7600014162664
5909844,Popkum 1,IRI,49.20758234228922,-121.71879264684296,973.5078332383227
5909845,Skookumchuck 4,IRI,49.943944451057504,-122.41255604688351,1212.8578516301345
5909847,Bucktum 4,IRI,49.91217620634558,-121.44617775988034,570.5329360959432
5909848,Tipella 7,IRI,49.77419671492217,-122.22169835716309,43.972398959109334
5909850,Boothroyd 13,IRI,49.98916258181048,-121.49266710715395,788.2322037370541
5909851,Ruby Creek 2,IRI,49.355422194446845,-121.60899120935227,436.3577406421814
5909852,Paqulh,IRI,50.122076779081745,-122.52751826488758,428.10256481718875
5909856,Langley 2,IRI,49.187284481154684,-122.41846410562734,575.7249018434061
5909875,Q'alatk√∫7em,IRI,50.05197084559761,-122.53814137696355,474.8565408344575
5909876,Albert Flat 5,IRI,49.52258742861483,-121.42017827076006,885.4622909391849
5909877,Upper Sumas 6,IRI,49.050974279676495,-122.19727687859417,1280.1966175909133
5909878,Matsqui Main 2,IRI,49.11155179608258,-122.3491757760577,1154.0463372862248
5909879,Holachten 8,IRI,49.207757946427655,-122.0240809006243,1308.5155131429458
5909880,Lakahahmen 11,IRI,49.18462719249414,-122.07620355493475,515.0660753420904
5909881,Skweahm 10,IRI,49.17147061079569,-122.08303751444173,1132.584983541475
5909882,Squawkum Creek 3,IRI,49.238635698673285,-121.99714712815428,1434.4342103936635
5909883,Sachteen,IRI,49.988154184329886,-122.45235985145536,625.7205205298467
5909884,Skowkale,IRI,49.137705287761264,-121.94384679465364,681.1600024201033
5909885,Squiaala,IRI,49.15916504369573,-121.98483144507806,1697.8630472524046
5915001,Langley,DM,49.0960870794399,-122.57045732833276,13228.619414317087
5915002,Langley,CY,49.098810293951146,-122.66098048646498,2166.0758177754483
5915004,Surrey,CY,49.1110172679701,-122.78122885862373,14117.905439375223
5915007,White Rock,CY,49.02390243969902,-122.8123466536515,2552.3403512922646
5915011,Delta,CY,49.10603731965481,-123.04233240027364,13628.647131158139
5915015,Richmond,CY,49.19885424087903,-123.12357172118189,13126.073771621102
5915020,Metro Vancouver A,RDA,49.38986789599052,-122.87051677144112,32190.333475425705
5915022,Vancouver,CY,49.24741084982125,-123.11657304756925,8507.743509321806
5915025,Burnaby,CY,49.24417502420583,-122.95955823664744,7166.264997416397
5915029,New Westminster,CY,49.20396029104818,-122.91705783421006,4320.566869361966
5915034,Coquitlam,CY,49.28574119996585,-122.74716648509907,11864.342130890755
5915036,Belcarra,VL,49.3301728509592,-122.89594537691853,3173.9719846057183
5915038,Anmore,VL,49.340847281168124,-122.84828092923262,4697.308505975167
5915039,Port Coquitlam,CY,49.247872345190245,-122.75465683920605,4830.560395770079
5915043,Port Moody,CY,49.29838594165997,-122.86873435451274,4492.664829755892
5915046,North Vancouver,DM,49.36368963381277,-123.00431396998006,10483.595238990361
5915051,North Vancouver,CY,49.31463625577867,-123.07036031810954,2935.3488195822592
5915055,West Vancouver,DM,49.365343823919616,-123.19754648403507,7010.8767257772915
5915062,Bowen Island,IM,49.3788655163238,-123.36967552873202,6263.647645480993
5915065,Lions Bay,VL,49.46271554341431,-123.23582162805288,1638.016907047411
5915070,Pitt Meadows,CY,49.28465372910393,-122.66498686894275,9949.18208415116
5915075,Maple Ridge,CY,49.26478147535913,-122.52516425718657,12883.01346712244
5915801,Semiahmoo,IRI,49.011481604375824,-122.7731440736127,1309.661320687366
5915802,Tsawwassen,TWL,49.03900851310927,-123.10569712260785,2518.661140088599
5915803,Musqueam 2,IRI,49.23001354044718,-123.20571541778787,1455.32587118095
5915804,Coquitlam 2,IRI,49.247571282199836,-122.79405896033973,707.5753844530457
5915805,Coquitlam 1,IRI,49.230519514195535,-122.80517120722574,156.94461203277325
5915806,Burrard Inlet 3,IRI,49.308010766565594,-122.98022557299245,963.3708770001385
5915807,Mission 1,IRI,49.31604023297203,-123.08728480631034,458.04741669182096
5915808,Capilano 5,IRI,49.32100112654627,-123.13446805698315,1093.7368570968636
5915809,Barnston Island 3,IRI,49.18809747748653,-122.6952000607903,570.0084960968979
5915810,Musqueam 4,IRI,49.0668158119842,-123.12503243965476,531.2908792175804
5915811,Seymour Creek 2,IRI,49.303563024133624,-123.02485158276767,1076.9593419650862
5915813,Katzie 2,IRI,49.19458306518156,-122.65253532660697,425.7333849552847
5915816,McMillan Island 6,IRI,49.176008853924166,-122.56430864280317,1400.0806828987866
5915825,Matsqui 4,IRI,49.00525997185376,-122.47641699811794,397.2921941928368
5915830,Katzie 1,IRI,49.20296598699356,-122.67344915412976,459.89095453000874
5915840,Whonnock 1,IRI,49.175275485656925,-122.4607621724168,489.0483574060077
5917005,North Saanich,DM,48.652414008595365,-123.44086401911281,5468.830386242152
5917010,Sidney,T,48.65265472981475,-123.41118190925366,1971.6691811245908
5917015,Central Saanich,DM,48.581524962788976,-123.4217478257285,5427.140887714195
5917021,Saanich,DM,48.503884162269586,-123.36870510424012,9651.648855450878
5917027,Saltspring Island,RDA,48.832793532181675,-123.52606956086291,13602.852233939182
5917029,Southern Gulf Islands,RDA,48.79975812928054,-123.38586466567266,31754.725668169336
5917030,Oak Bay,DM,48.430832453560164,-123.31261407037552,4097.607955023801
5917034,Victoria,CY,48.4292938616668,-123.356754216252,3052.629800322857
5917040,Esquimalt,DM,48.43432844844768,-123.41376547340423,2079.524919546852
5917041,Colwood,CY,48.42842837337749,-123.48450469620049,3791.246688385559
5917042,Metchosin,DM,48.37422329591027,-123.57677471581115,7570.549360092372
5917044,Langford,CY,48.45529069984407,-123.53753501284022,6031.128964939468
5917047,View Royal,T,48.465598212545416,-123.46301420728498,3690.250715803366
5917049,Highlands,DM,48.516452348941506,-123.50909788937227,4769.4321271162535
5917052,Sooke,DM,48.408550342447526,-123.68936854346673,8424.674550720694
5917054,Juan de Fuca (Part 1),RDA,48.42440840306635,-123.63962802900136,30839.621546744627
5917056,Juan de Fuca (Part 2),RDA,48.565733057712606,-124.05735087356051,32869.33583526769
5917801,Cole Bay 3,IRI,48.62272576568058,-123.45752571896544,1278.4971334466381
5917802,Union Bay 4,IRI,48.664493360593475,-123.45112801651351,554.9919514458942
5917803,East Saanich 2,IRI,48.58848137948098,-123.38735910188046,1346.2354436939265
5917804,South Saanich 1,IRI,48.58388299983224,-123.45572469320939,1169.2661178710712
5917805,Galiano Island 9,IRI,49.007438661740274,-123.58612132732887,604.3292020924991
5917809,Becher Bay 1,IRI,48.33876334781577,-123.5975936990569,1885.2923996523657
5917811,Esquimalt,IRI,48.44411879417721,-123.4308537989734,444.9336122991504
5917812,New Songhees 1A,IRI,48.44384808257069,-123.42458757805615,957.1241317394483
5917815,Gordon River 2,IRI,48.57573744023946,-124.40656233891133,1099.406123919882
5917819,T'Sou-ke,IRI,48.36624942722949,-123.74120519828524,4638.56054053389
5919008,North Cowichan,DM,48.848777226002504,-123.6858706209195,12078.90317780772
5919012,Duncan,CY,48.78028746914908,-123.70213716656141,1548.763703761067
5919013,Cowichan Valley D,RDA,48.759727110018424,-123.63020452655915,17930.520956401368
5919015,Cowichan Valley G,RDA,48.99953478105753,-124.00494110132806,30736.011066294595
5919016,Lake Cowichan,T,48.818580839123555,-124.05845112522775,4020.855249666262
5919017,Cowichan Valley H,RDA,49.01989661691037,-123.88975215106392,10711.740258750484
5919021,Ladysmith,T,48.9708367624173,-123.80618584688911,4556.385901817549
5919033,Cowichan Valley F,RDA,48.79166619171454,-124.33811609310965,40161.28070979247
5919035,Cowichan Valley I,RDA,48.98223700019768,-124.31080006945257,27028.6276027535
5919043,Cowichan Valley A,RDA,48.61115607218509,-123.55712869890903,8565.22221971607
5919046,Cowichan Valley B,RDA,48.62285313150465,-123.73662064930852,15869.314792751034
5919049,Cowichan Valley C,RDA,48.6989751382225,-123.57455564977441,3800.3797586386668
5919051,Cowichan Valley E,RDA,48.79886994057676,-123.78305730006163,13959.524917496496
5919801,Halalt 2,IRI,48.87608639715438,-123.69322850164562,794.9680581271047
5919802,Squaw-Hay-One 11,IRI,48.90149691131638,-123.69447803973802,506.7428376946262
5919803,Tsussie 6,IRI,48.88348266907279,-123.6758199624197,257.9203655501673
5919804,Chemainus 13,IRI,49.014879563046954,-123.77851066955841,2911.7683311191477
5919808,Kil-pah-las 3,IRI,48.73892432347345,-123.60901281608783,523.961641669415
5919809,Penelakut Island 7,IRI,48.95850675537374,-123.64926680176553,3018.8124582696423
5919811,Shingle Point 4,IRI,49.04169629544603,-123.63691156397607,613.4169764823877
5919812,Cowichan Lake,IRI,48.827888353549795,-124.07299924554451,524.0367806305745
5919813,Lyacksun 3,IRI,49.093407267488,-123.67576911717421,2973.5633921111635
5919814,Malachan 11,IRI,48.80853570674475,-124.66806359459272,605.4412878174776
5919815,Malahat 11,IRI,48.62361636657905,-123.52768472926284,1609.0370809312017
5919816,Oyster Bay 12,IRI,49.02017731386978,-123.85553865204716,1044.392478585061
5919817,Portier Pass 5,IRI,49.016412479009496,-123.59687082300556,131.54628369604222
5919818,Theik 2,IRI,48.74255539188903,-123.63695203656803,540.7996062626752
5919820,Est-Patrolas 4,IRI,48.71363716298467,-123.60910831507647,546.6364790708731
5919821,Tzart-Lam 5,IRI,48.75924658498119,-123.82900995874573,233.52166119589472
5919822,Cowichan,IRI,48.756602120910884,-123.66872327197633,7442.299778105335
5921007,Nanaimo,CY,49.1881184197,-123.93309403063238,11296.99214301885
5921008,Lantzville,DM,49.230228723308606,-124.1043284855573,4027.0412681574517
5921010,Nanaimo A,RDA,49.08371550279423,-123.84308916725112,6275.177955823515
5921014,Nanaimo B,RDA,49.16364337055267,-123.7639285885334,8552.42938768932
5921016,Nanaimo C,RDA,49.1534883450921,-124.2726028130219,31724.896349739174
5921018,Parksville,CY,49.31925024965045,-124.29870573153498,4578.164244737543
5921023,Qualicum Beach,T,49.34757721975546,-124.43286723802717,4121.892764298064
5921030,Nanaimo E,RDA,49.275307425994605,-124.16142559078986,8408.718422560163
5921032,Nanaimo F,RDA,49.276751099411165,-124.4670806828385,17250.49756643554
5921034,Nanaimo G,RDA,49.33549702657818,-124.38484226137,11902.072021407095
5921036,Nanaimo H,RDA,49.39362419383273,-124.74918054673398,16465.92777412838
5921804,Nanaimo Town 1,IRI,49.1508396763568,-123.9284611835839,512.8564453309716
5921805,Nanoose,IRI,49.25129048474357,-124.12224518817212,736.1161036487302
5921806,Qualicum,IRI,49.39840206022843,-124.61176447418967,766.0999057994815
5921807,Nanaimo River,IRI,49.12499930491182,-123.88003784360612,1324.711442649663
5923008,Port Alberni,CY,49.24489296650498,-124.81687041515278,4158.6347484693215
5923019,Ucluelet,DM,48.94290519993555,-125.5565762662071,3374.2840386670314
5923025,Tofino,DM,49.127248685256625,-125.88355876285566,4521.097948995466
5923033,Alberni-Clayoquot B,RDA,49.361384762440025,-124.88705934289783,10748.297590585351
5923035,Alberni-Clayoquot D,RDA,49.3948263595047,-125.11750610846396,35432.80391527395
5923037,Alberni-Clayoquot E,RDA,49.301213434281735,-124.85499933648593,5266.832127938876
5923039,Alberni-Clayoquot F,RDA,49.191821459163606,-124.69832528761967,14871.602493241318
5923047,Alberni-Clayoquot A,RDA,48.94775376752325,-124.98335698677826,32568.948536090764
5923049,Alberni-Clayoquot C,RDA,49.259327760902366,-125.84684924459057,62603.01235575038
5923801,Ahahswinis 1,IRI,49.264816027409594,-124.82547453977477,555.9654288941362
5923802,Alberni 2,IRI,49.214678670903474,-124.80912181301444,507.87952761717196
5923803,Anacla 12,IRI,48.80020242600933,-125.12273438729365,891.0224080449565
5923804,Clakamucus 2,IRI,48.9775553609605,-125.57421713933695,397.33180205084767
5923805,Elhlateese 2,IRI,49.02445680837847,-125.0437499657936,1223.1827654754284
5923806,Hesquiat 1,IRI,49.39535391405656,-126.47099963001943,1075.1056095946449
5923807,Ittatsoo 1,IRI,48.939565431235714,-125.52886266562611,742.9091067104983
5923808,Marktosis 15,IRI,49.2771847538065,-126.05916628801585,1333.1260076040437
5923809,Numukamis 1,IRI,48.89900348376213,-124.99167540715949,2080.6525659523963
5923810,Macoah 1,IRI,48.99421395789895,-125.37781984591462,755.6028803061242
5923813,Opitsat 1,IRI,49.17664082965497,-125.91041519780181,672.2914335339095
5923814,Sachsa 4,IRI,48.836781470209665,-125.10572019915527,227.5029925753182
5923816,Tsahaheh 1,IRI,49.27107395331924,-124.86428922852495,1842.131055994763
5923822,Klehkoot 2,IRI,49.29399956721998,-124.89438624625446,896.853489242619
5923823,Esowista 3,IRI,49.07197875202244,-125.7822615176299,342.18285134293325
5923824,Refuge Cove 6,IRI,49.366151056603385,-126.27108408312216,459.50249261387813
5923825,Tin Wis 11,IRI,49.131067327402974,-125.89875962227264,323.91390177931487
5924025,Gold River,VL,49.733921048251624,-126.08639425775162,7359.529603349874
5924029,Zeballos,VL,49.983173956561565,-126.85396943107948,1335.038220753876
5924030,Tahsis,VL,49.917386501066765,-126.663513816847,3243.0914100870073
5924034,Campbell River,CY,49.9923346197995,-125.33806023998571,14192.175808024063
5924039,Sayward,VL,50.377982966064664,-125.9458720618471,2702.9323223214847
5924042,Strathcona D (Oyster Bay - Buttle Lake),RDA,49.78345364973329,-125.56732698126324,34220.69884973625
5924048,Strathcona A,RDA,50.0927127947086,-126.64704543790549,95079.63552666588
5924052,Strathcona B,RDA,50.12090058553723,-124.93465625590822,13888.000427901958
5924054,Strathcona C,RDA,50.7008487633847,-125.01572425651761,92829.95366079191
5924803,Ahaminaquus 12,IRI,49.68477598325292,-126.11998581912971,294.36660903285474
5924804,Campbell River 11,IRI,50.03652966356472,-125.25467267925508,842.4221239189385
5924805,Chenahkint 12,IRI,49.874282907266995,-126.97705950358413,418.97226183811307
5924806,Houpsitas 6,IRI,50.031296960658345,-127.37761200416656,277.4525529778509
5924812,Quinsam 12,IRI,50.02114230964992,-125.29304736121435,1024.6119736669907
5924813,Village Island 1,IRI,50.01160761879353,-127.40237765076441,544.3661664881664
5924814,Yuquot 1,IRI,49.594729976550106,-126.6255325851318,953.7648361839443
5924817,Cape Mudge 10,IRI,50.01448669145553,-125.19512671263772,2381.5537805259423
5924818,Squirrel Cove 8,IRI,50.144639718835506,-124.92050539331474,337.5450030064597
5924820,Tork 7,IRI,50.12892800715005,-124.93407848825464,1223.8718340366167
5924833,Oclucje 7,IRI,49.98916238627229,-126.94075457136647,304.3044057560864
5924835,Tsa Xana 18,IRI,49.813903361571256,-126.07472693257186,1439.2724353408823
5924836,Ehatis 11,IRI,49.98277260843528,-126.86109281554727,392.1415719389678
5924840,Homalco 9,IRI,49.95046099819333,-125.24324822722444,800.3229023024044
5924843,Nenagwas 12,IRI,49.91219130063823,-125.2091813129237,1158.0278997643686
5926005,Comox,T,49.695800673255405,-124.91082153478348,3725.818291274965
5926010,Courtenay,CY,49.695652384756634,-124.96259648137897,5382.620180999003
5926014,Cumberland,VL,49.62147179602594,-125.05066518497375,4931.151640258252
5926021,Comox Valley A,RDA,49.53857921802744,-124.86969740060401,21394.608449997704
5926022,Comox Valley B (Lazo North),RDA,49.7241018847426,-124.97375352976911,8454.04568751694
5926024,Comox Valley C (Puntledge - Black Creek),RDA,49.70494524743445,-125.25002838706017,24503.584214474664
5926801,Comox 1,IRI,49.67920370536985,-124.95331335540152,616.5148985758461
5926802,Pentledge 2,IRI,49.697252937237316,-125.00358053118184,881.8765172839758
5927008,Powell River,CY,49.855424478305075,-124.54039686055357,6517.399517418035
5927010,qathet A,RDA,50.32364462147019,-124.35032012990357,60702.531926806
5927012,qathet B,RDA,49.89345540033132,-124.4376794472526,13410.600027899869
5927016,qathet C,RDA,49.89659066927071,-124.26510155871303,18234.64810372128
5927018,qathet D,RDA,49.64620221973278,-124.38014424793253,25108.789418044245
5927020,qathet E,RDA,49.46880746202113,-124.2997572732258,10168.265301376345
5927802,Sliammon 1,TAL,49.90998385554613,-124.61091415596839,2645.988226560067
5927806,Sechelt (Part),IGD,49.77472022456962,-124.33395134101222,459.1057858027156
5929005,Gibsons,T,49.40183302859099,-123.5189593463606,1636.4491126639173
5929011,Sechelt,DM,49.48623404303963,-123.74711670492593,7532.054540968387
5929018,Sunshine Coast A,RDA,49.95975253169798,-124.00599393865164,45311.435918293995
5929022,Sunshine Coast B,RDA,49.66153264845233,-123.65414907937335,31518.394253049777
5929024,Sunshine Coast D,RDA,49.50579253842971,-123.61660958640508,11995.133454502018
5929026,Sunshine Coast E,RDA,49.421065444406,-123.54553983812727,4315.1351289887425
5929028,Sunshine Coast F,RDA,49.50659763303682,-123.40741089023214,18105.876694610048
5929801,Chekwelp 26,IRI,49.40842519605221,-123.4988004551436,350.32752270227684
5929803,Sechelt (Part),IGD,49.760923159219594,-123.92280528410556,50812.508261205316
5931006,Squamish,DM,49.76250987798174,-123.17510131686797,14067.850102448327
5931012,Pemberton,VL,50.31732797241332,-122.8613868848763,9946.536582447343
5931017,Squamish-Lillooet C,RDA,50.47954978838446,-123.04007939731416,68008.36875261345
5931020,Whistler,DM,50.090478982977146,-123.00587544966812,11738.699179389401
5931021,Squamish-Lillooet D,RDA,49.950080789390555,-123.25282857613077,53008.4329296939
5931026,Lillooet,DM,50.68412274015129,-121.92859758487894,5947.482770127979
5931032,Squamish-Lillooet A,RDA,50.82696227295601,-122.92312123380384,58737.915214255205
5931034,Squamish-Lillooet B,RDA,50.72940599819466,-122.29845293583016,55403.36132036488
5931801,Cheakamus 11,IRI,49.834436536148395,-123.20337529073589,5160.139287689152
5931802,Kowtain 17,IRI,49.74284880966106,-123.14064438499187,462.7418063582043
5931806,Seaichem 16,IRI,49.754050342652704,-123.14162277557001,203.9504822567271
5931807,Stawamus 24,IRI,49.69008884631121,-123.14853208075382,450.1898716677458
5931808,Waiwakum 14,IRI,49.77057201427311,-123.162315921319,511.1106644288136
5931809,Yekwaupsum 18,IRI,49.72584078967081,-123.16198315386745,136.66049236149007
5931812,Nesuch 3,IRI,50.31008150555851,-122.65012740141584,3040.8513800310006
5931813,Bridge River 1,IRI,50.80788523331488,-122.02504117044414,9824.49143605698
5931814,Cayoosh Creek 1,IRI,50.673645395100145,-121.93435795987492,1044.781606073496
5931815,Chilhil 6,IRI,50.63579642398013,-121.80370734799364,2207.574214597375
5931816,Fountain 1,IRI,50.7349968654397,-121.86352834346732,955.0893274916119
5931817,Fountain 3,IRI,50.77757341270017,-121.84285177779687,1602.9723234226315
5931818,Fountain 10,IRI,50.758633570466955,-121.92307556265226,840.9184717140052
5931819,Fountain 11,IRI,50.72057900297168,-121.91017736969911,378.71456580368834
5931820,Fountain 12,IRI,50.68653564117595,-121.80774622537182,393.2824101002765
5931821,Lillooet 1,IRI,50.689735648930366,-121.9554371831605,2325.5155965771187
5931822,Fountain Creek 8,IRI,50.70633688252618,-121.83668793685035,340.3053520149086
5931823,McCartney's Flat 4,IRI,50.65774089376373,-121.90097288343833,1455.7635827048296
5931824,Seton Lake 5,IRI,50.6678248592172,-121.9882550571487,135.15787313889837
5931825,Fountain 1D,IRI,50.74454706148628,-121.86626524768283,434.4859955692057
5931826,Necait 6,IRI,50.70335681647691,-122.29860184599893,471.3346431815051
5931827,Nesikep 6,IRI,50.54259378623191,-121.78559479331386,1846.2640953336836
5931828,Pashilqua 2,IRI,50.65370204371832,-121.91056135329663,1500.5324311817283
5931829,Pavilion 1,IRI,50.88261873123316,-121.84436345620642,2587.7709789972805
5931831,Slosh 1,IRI,50.72900497946341,-122.22676668953369,4497.310718620237
5931832,Towinock 2,IRI,50.58556218461716,-121.85219977242281,775.3957253415894
5931833,Mission 5,IRI,50.704635794569455,-122.2802161808179,393.3229579874803
5931834,Fountain 3A,IRI,50.762011907075305,-121.83337454866542,443.4354643655179
5931842,Fountain 1B,IRI,50.74241323597589,-121.87847007341367,718.0199784021024
5931843,Mount Currie,IRI,50.31989107530229,-122.69541581992172,4695.847902901754
5931844,Nequatque,IRI,50.54187876112327,-122.48237245476724,2000.704836434209
5933006,Merritt,CY,50.109593726002686,-120.77335805605385,3988.071243991641
5933008,Thompson-Nicola M (Beautiful Nicola Valley - North),RDA,50.21181782895276,-120.30562305921534,52224.846657866765
5933012,Thompson-Nicola N (Beautiful Nicola Valley - South),RDA,49.919913248782755,-120.96530800817938,36258.50371139338
5933015,Lytton,VL,50.22296144054263,-121.56840375560253,2890.026640550727
5933019,Ashcroft,VL,50.701689934607046,-121.32015046306313,8207.65888429357
5933024,Cache Creek,VL,50.79569659859292,-121.31557390148195,2613.326681680998
5933028,Clinton,VL,51.1060716932501,-121.55166419139505,11534.871713072625
5933032,Thompson-Nicola E (Bonaparte Plateau),RDA,51.30357540708849,-121.6097112620046,73856.44353727862
5933035,Logan Lake,DM,50.52561186237291,-121.03876736929223,18764.250228828474
5933037,Thompson-Nicola I (Blue Sky Country),RDA,50.52449491024499,-121.65781040814474,61508.683180098866
5933039,Thompson-Nicola J (Copper Desert Country),RDA,50.81534309858435,-120.6109153990151,51154.80107104277
5933042,Kamloops,CY,50.68141595128003,-120.28218866073385,20601.701206832204
5933044,Thompson-Nicola P (Rivers and the Peaks),RDA,50.942099263119246,-120.10455612971565,35452.29113601804
5933045,Sun Peaks Mountain,VL,50.89031437660683,-119.89581648070478,5304.551110566808
5933054,Chase,VL,50.83064411484342,-119.6899248184708,14894.04128471144
5933060,Thompson-Nicola L (Grasslands),RDA,50.61299012548494,-119.90330836699361,39808.39702712506
5933067,Clearwater,DM,51.60783189769552,-119.94016216230136,14496.758985390918
5933068,Thompson-Nicola A (Wells Gray Country),RDA,52.17510855640948,-119.9870663615866,78790.72743979418
5933070,Thompson-Nicola B (Thompson Headwaters),RDA,52.088401760062354,-119.53130495161345,68168.19276998921
5933072,Thompson-Nicola O (Lower North Thompson),RDA,51.37409777109071,-119.77732213760459,62548.217641963915
5933074,Barriere,DM,51.17219674771496,-120.11715599994143,3906.8987773362996
5933801,Coldwater 1,IRI,50.0347847327636,-120.8584615792886,3865.1983011767443
5933802,Douglas Lake 3,IRI,50.17013769047221,-120.265971289276,8462.596732965683
5933803,Hamilton Creek 2,IRI,50.14870255919772,-121.52038463810854,736.7281511943357
5933805,Joeyaska 2,IRI,50.09232261455772,-120.75672785498399,874.6971211716738
5933806,Nicola Lake 1,IRI,50.20934334704904,-120.4589791551624,3607.8936941341694
5933807,Nicola Mameet 1,IRI,50.18539238641438,-120.82814675751408,7122.0605030599445
5933808,Nooaitch 10,IRI,50.191142250232566,-121.06431419449338,5782.359134049011
5933809,Paul's Basin 2,IRI,49.991033975380255,-120.96439420733518,3089.111756891061
5933810,Chuchhraischin,IRI,50.44911976710746,-121.34192663783581,1646.974158134401
5933811,Zoht 4,IRI,50.182729535124274,-120.6679918265057,1306.334957108062
5933812,Bonaparte 3,IRI,50.84099727473892,-121.37612126120298,2176.834458387358
5933813,Halhalaeden,IRI,50.294372528948955,-121.62808300752702,1079.8888251831065
5933814,Canoe Creek 1,IRI,51.46944785484137,-122.15092367767859,702.5493219810485
5933817,Skeetchestn,IRI,50.819448626636394,-120.9508809249346,9337.318094221802
5933819,High Bar 1,IRI,51.11022106401286,-121.99381237680241,4564.56796742721
5933821,Canoe Creek 2,IRI,51.42932280167667,-122.0313220633378,4519.875292775196
5933823,Kitzowit 20,IRI,50.20098792043826,-121.57118300060252,248.6347364513956
5933824,Skuppah 2A,IRI,50.19480414215653,-121.57959972602828,355.47200110924115
5933825,Inklyuhkinatko 2,IRI,50.18922696475881,-121.57411380029079,778.565985315254
5933828,Basque 18,IRI,50.6282995521597,-121.33016023947674,2463.500903307523
5933829,Klahkamich 17,IRI,50.22802224339181,-121.57592128856679,361.0961934073521
5933831,Kleetlekut 22,IRI,50.2620346373325,-121.57208043940994,791.7358950739884
5933832,Klickkumcheen 18,IRI,50.23648481520803,-121.57645130947485,379.00616660818326
5933833,Inkluckcheen,IRI,50.27686145871055,-121.60006868408207,1872.3358991148136
5933834,Kumcheen 1,IRI,50.42417377416215,-121.31683260911367,357.94917894354336
5933836,Lower Hat Creek 2,IRI,50.88024897305963,-121.48430206715817,2911.4701198779867
5933837,Peq-Paq 22,IRI,50.61241096305885,-121.38397570570167,1148.8072077103386
5933839,Lytton 4A,IRI,50.44048791372296,-121.71747709795662,1454.743365765126
5933840,Lytton 4E,IRI,50.42671357896865,-121.70924922170194,1053.070032664516
5933841,Lytton 9A,IRI,50.30747003482859,-121.64889341008168,1170.8954927999714
5933842,Lytton 9B,IRI,50.27189491092664,-121.6252746794187,762.2908116065071
5933844,Ashcroft 4,IRI,50.71810592247708,-121.31690377917903,1088.6568338289153
5933845,105 Mile Post 2,IRI,50.72840038515671,-121.31997098608143,3586.574803728562
5933846,Oregon Jack Creek 5,IRI,50.59991119048906,-121.32190965586081,1460.7436569017696
5933848,Nickel Palm 4,IRI,50.447403685124776,-121.70153864996654,575.2142268092432
5933849,Siska Flat,IRI,50.13660676079331,-121.56927777361702,764.4790321264107
5933850,Nickeyeah 25,IRI,50.208186988786416,-121.58482406191338,1179.9508431766455
5933851,Nicomen 1,IRI,50.26345914417481,-121.40237745788913,737.2967225048799
5933852,Nohomeen 23,IRI,50.24961841340018,-121.59871796217745,330.47165123406614
5933853,Nuuautin 2,IRI,50.258549658635104,-121.58975832914304,1083.9563243657099
5933854,Paska Island 3,IRI,50.616133432563316,-121.3171601183318,676.9333090321377
5933855,Papyum 27,IRI,50.23657027621744,-121.59343307850004,535.4222448447182
5933857,Pemynoos 9,IRI,50.489161255782044,-121.26511389368801,4166.483854142356
5933858,Seah 5,IRI,50.49975407950409,-121.73527141213937,1112.503776383926
5933859,Shackan 11,IRI,50.28956928123722,-121.17944576477055,5359.03651593579
5933861,Kloklowuck 7,IRI,50.36206754964052,-121.24047440406457,958.1814712710346
5933865,Skuppah 4,IRI,50.172717401510965,-121.57854446027946,370.70950598139734
5933866,Skwayaynope 26,IRI,50.19260164240169,-121.58994674088981,747.6648471897548
5933868,Spintlum Flat 3,IRI,50.337143856866156,-121.65451410511932,1204.5514031858636
5933870,Nkaih 10,IRI,50.33087856511453,-121.6578067133316,1589.582630518274
5933872,Marble Canyon 3,IRI,50.81993678095867,-121.6646475160415,1726.5463491824673
5933873,Stryen 9,IRI,50.28629472832061,-121.63303192496717,1764.7349991611063
5933874,Tsaukan 12,IRI,50.37319785731133,-121.6800014264228,587.9291598987375
5933875,Upper Hat Creek 1,IRI,50.815537083819066,-121.57426119433548,3001.5919986943704
5933876,Upper Nepa 6,IRI,50.659434114492846,-121.26684678973636,1599.8129677884647
5933877,Whispering Pines 4,IRI,50.98709476858294,-120.24496489287128,2432.814808262899
5933878,Yawaucht 11,IRI,50.3470381129882,-121.67253716001409,983.8185671822691
5933879,Zacht 5,IRI,50.15425832857192,-121.575904882492,384.54227805074567
5933880,Kamloops 1,IRI,50.722998768395854,-120.20479801076246,10707.144935451173
5933881,Spences Bridge,IRI,50.41687818482422,-121.3580733976803,2327.5725870796023
5933882,Kanaka Bar,IRI,50.11485773751,-121.55944327856027,1085.1627748444726
5933884,Sahhaltkum 4,IRI,50.811676506553475,-119.72591704358726,3426.6600735163756
5933886,Nekalliston 2,IRI,51.42219256865906,-120.19882228133703,121.29861630964177
5933887,North Thompson 1,IRI,51.29532395915417,-120.15296940567141,5935.389751618389
5933888,Louis Creek 4,IRI,51.13433773762413,-120.1259405467461,136.4039613833048
5933889,Squaam 2,IRI,51.07850034733926,-119.7797596878769,477.48080684365755
5933892,Stequmwhulpa 5,IRI,50.845888408801706,-119.62030474011837,1546.955694419727
5933893,Twoyqhalsht 16,IRI,50.427995047665775,-121.337401199324,296.730843819477
5933895,Shawniken 4B,IRI,50.41672341296881,-121.35605484092555,143.73776465132
5933896,Nekliptum 1,IRI,50.108080475055424,-121.5543941060082,326.4406914000998
5933897,Boothroyd 8A,IRI,50.05527288710519,-121.54188356849424,352.87239248406667
5933898,Neskonlith,IRI,50.77643996337639,-119.75144523308794,5104.718260805247
5933899,Entlqwekkinh 19,IRI,50.46129308608624,-121.31149091079043,5063.347209613373
5935010,Kelowna,CY,49.89915459127128,-119.48738047191137,15727.44720474348
5935012,Central Okanagan,RDA,49.89224606975843,-119.2548945525995,34909.621162775475
5935016,Lake Country,DM,50.07882233730232,-119.38831109159116,9980.356302415601
5935018,Peachland,DM,49.77923495041031,-119.73489630754399,5852.0293853091825
5935020,Central Okanagan West,RDA,49.9840456699124,-119.68885155433426,31885.959377378473
5935029,West Kelowna,CY,49.87273827447449,-119.62975210202612,10139.133252895545
5935801,Duck Lake 7,IRI,50.008391099524125,-119.39450669798367,1446.8042955998694
5935802,Tsinstikeptum 9,IRI,49.840708340476006,-119.60729403034165,2212.844865249817
5935803,Tsinstikeptum 10,IRI,49.882130995834935,-119.53966422574774,1477.8058957288363
5937005,Lumby,VL,50.250657967750456,-118.97415680143233,1817.6004031249952
5937010,Coldstream,DM,50.23077490805287,-119.17308018548299,8654.69316004805
5937014,Vernon,CY,50.236218106574846,-119.32968849538655,12908.758159778587
5937017,North Okanagan B,RDA,50.27110855893929,-119.47614805047822,20722.14210331592
5937021,North Okanagan C,RDA,50.359594596687074,-119.12478754502725,15370.953997145129
5937022,North Okanagan D,RDA,50.1475146218349,-118.86459957972087,39576.300787154985
5937023,North Okanagan E,RDA,50.33816753553057,-118.4848606558026,59719.24478651734
5937024,Spallumcheen,DM,50.44721386743901,-119.18020090972972,13694.414301451034
5937028,Armstrong,CY,50.442938855152796,-119.19653019736452,1733.8994804081772
5937033,Enderby,CY,50.55615100671643,-119.14378569394074,1599.5284959528062
5937041,North Okanagan F,RDA,50.68066769257325,-118.69112839998996,37805.30496193108
5937801,Okanagan (Part) 1,IRI,50.31368930382351,-119.38954824207734,12422.57853287876
5937802,Enderby 2,IRI,50.52773314446981,-119.12671507810232,5043.038809981669
5937803,Priest's Valley 6,IRI,50.24700927897552,-119.33961172512498,650.6068361557873
5937805,Harris 3,IRI,50.38728059691341,-119.23365624451544,506.83551125738376
5939007,Golden,T,51.29805830067846,-116.96490744455718,3079.3505242660635
5939011,Columbia-Shuswap A,RDA,51.597507939084565,-117.44901076529482,106033.96230068036
5939019,Revelstoke,CY,50.99451878542579,-118.17367825382314,8021.444857089762
5939023,Columbia-Shuswap B,RDA,51.38071517078692,-117.91724410425175,107098.85491691965
5939032,Salmon Arm,CY,50.700159541260064,-119.28342271689525,10339.87108812411
5939037,Columbia-Shuswap C,RDA,50.87133480373557,-119.2656336775255,23760.87311913112
5939039,Columbia-Shuswap D,RDA,50.55113260485806,-119.44134782394593,22179.39237880822
5939043,Columbia-Shuswap E,RDA,51.001997816254786,-118.81984504354054,37435.72118410082
5939044,Columbia-Shuswap F,RDA,51.257223887590584,-119.27498895131133,54334.015586858535
5939045,Sicamous,DM,50.83234601555795,-118.9803507907431,3454.6255466523694
5939801,Chum Creek 2,IRI,50.86356194891335,-119.58962825182505,1519.5194065180788
5939802,Hustalen 1,IRI,50.95777507871528,-119.63145737861508,2685.270155918278
5939803,North Bay 5,IRI,50.782492616394734,-119.32230193906159,1685.0298270677135
5939804,Okanagan (Part) 1,IRI,50.44996386873152,-119.3350375977967,3935.4330684330503
5939805,Quaaout 1,IRI,50.8792327176656,-119.61042115412329,4407.729447277878
5939806,Salmon River 1,IRI,50.49819854221437,-119.30768065776776,3463.3896130275216
5939807,Scotch Creek 4,IRI,50.919587529022344,-119.48092029636146,2186.1949657738783
5939808,Switsemalph 3,IRI,50.70955740333294,-119.32795683018148,1582.9619050818685
5939811,Switsemalph,IRI,50.722877785307276,-119.31423436507148,3406.820252717845
5941005,One Hundred Mile House,DM,51.642563548788246,-121.31822718413267,5896.963648371123
5941009,Williams Lake,CY,52.149932987042675,-122.13164448799853,7670.825842625694
5941010,Cariboo D,RDA,52.33468236435456,-122.26292103641349,25867.943266825438
5941012,Cariboo E,RDA,51.83732417322345,-122.10803563906777,36997.43457636421
5941013,Quesnel,CY,52.99092432363632,-122.4776771607882,5677.371866449848
5941014,Cariboo F,RDA,52.526109425230835,-121.13188269931065,78072.29006541277
5941015,Cariboo G,RDA,51.731904652799194,-121.4587940484925,40986.70093982631
5941016,Cariboo H,RDA,51.908621827913684,-120.80281192165783,42436.0124650951
5941017,Cariboo L,RDA,51.52281157608224,-120.91881300522425,29263.759720003844
5941019,Cariboo A,RDA,52.765866508511834,-122.35264830198932,25882.477717033024
5941021,Cariboo B,RDA,53.16450760546402,-122.7011322935717,26729.547252728004
5941025,Wells,DM,53.11624619390099,-121.64121523363549,9307.114528651451
5941026,Cariboo C,RDA,53.18739357799116,-121.46652005248339,70261.88191485731
5941027,Cariboo I,RDA,52.9784387316377,-123.70595977871623,99612.68000618722
5941039,Cariboo J,RDA,52.004855086662076,-124.89657448857437,158763.34880770283
5941041,Cariboo K,RDA,51.822963305190605,-123.21563176497347,91576.42493388409
5941801,Alkali Lake 1,IRI,51.78903266723159,-122.22609794860132,1567.3781286006615
5941802,Canim Lake 1,IRI,51.777654407949356,-120.97936562216945,4148.3952317321255
5941803,Canim Lake 4,IRI,51.79632961119008,-121.47278105550791,323.5434411240952
5941804,Canoe Creek 3,IRI,51.53454326110119,-122.23531214109425,4371.389111901459
5941805,Deep Creek 2,IRI,52.26216492946343,-122.09515521921145,4090.1713689460967
5941806,Dog Creek 1,IRI,51.58710316218045,-122.20494927135799,898.1216334703664
5941807,Dog Creek 2,IRI,51.5953966717546,-122.09256455565084,1081.87846696473
5941808,Lohbiee 3,IRI,51.469082884150126,-123.93591762520124,1135.581178200874
5941809,Quesnel 1,IRI,52.94857907993531,-122.48132835802133,2223.7018879316565
5941810,Soda Creek 1,IRI,52.322660446359976,-122.26850721215058,1573.2034069876752
5941811,Johny Sticks 2,IRI,51.83557785132539,-122.1696450524504,1316.6598695181399
5941812,Williams Lake 1,IRI,52.105923901801944,-121.99321086527729,3173.3288100706172
5941813,Canim Lake 2,IRI,51.742933641206704,-121.13162248347751,575.9003996421461
5941817,Alexis Creek 14,IRI,52.204124352438214,-124.31089270259154,1103.5790621607716
5941818,Alexis Creek 16,IRI,52.17509087169562,-124.3149666395699,488.45076975481606
5941821,Anahim's Flat 1,IRI,52.02068684567524,-123.18027816507652,5059.280982135849
5941827,Charley Boy's Meadow 3,IRI,52.305755072823104,-124.22140897139265,1794.3379425257278
5941828,Chilco Lake 1,IRI,51.41291329793627,-124.11476806122698,790.0570036118343
5941829,Chilco Lake 1A,IRI,51.4263114265936,-124.09917225206387,2960.3810541663784
5941831,Tanakut 4,IRI,51.48115175652953,-123.8440278014206,1206.5791871170134
5941833,Kluskus 1,IRI,53.08998882022276,-124.48727296986542,1801.068815344727
5941835,Coglistiko River 29,IRI,52.98914003299423,-123.84303573517204,573.8013163201202
5941837,Nazco 20,IRI,52.953787198928396,-123.5851406597124,2379.5155127302432
5941838,Puntzi Lake 2,IRI,52.206835986395866,-124.05802211952485,631.6701541006877
5941839,Redstone Flat 1,IRI,52.13878616937723,-123.95961212744774,1884.932089415065
5941840,Squinas 2,IRI,52.47570705903959,-125.29983570415895,1698.595161976805
5941841,Stone 1,IRI,51.93594832252136,-123.14223392046192,3387.5049033803202
5941844,Agats Meadow 8,IRI,52.288434501230206,-124.16212742850367,1071.392456406562
5941845,Thomas Squinas Ranch 2A,IRI,52.48637022782783,-125.32776615336468,1679.7175640112987
5941848,Alexis Creek 21,IRI,52.31525011093381,-124.2747467810001,1915.6567623836022
5941849,Baptiste Meadow 2,IRI,51.997027445240825,-122.55479385018303,1013.3047325588287
5941850,Toosey 1,IRI,51.920928972983496,-122.4843864738308,3332.2311367305037
5941851,Towdystan Lake 3,IRI,52.289346218638116,-125.11891597940544,1223.5318490595548
5941852,Trout Lake Alec 16,IRI,53.184540308005026,-123.52708202599186,817.1445716881375
5941854,Ulkatcho 13,IRI,52.378898128947704,-125.04093548370122,1139.7069346376925
5941855,Windy Mouth 7,IRI,51.84912770275033,-121.58054317961931,132.13044206619003
5941856,Alexis Creek 34,IRI,52.490156767925576,-124.28331912935504,900.2520442358442
5941861,Betty Creek 18,IRI,52.92035053333543,-125.40557008049572,910.3007896348573
5941862,Salmon River Meadow 7,IRI,52.973605772324355,-125.15349707841885,1135.3321018615968
5941864,Sundayman's Meadow 3,IRI,53.12069799467657,-124.33453046152681,522.7915649220274
5941866,Euchinico Creek 17,IRI,53.21338503549036,-123.5040920410297,1639.2733522869103
5941868,Sandy Harry 4,IRI,51.820066047540855,-122.09750038669095,1124.9868253455008
5941871,Fishtrap 19,IRI,52.35688198461426,-125.15714763546016,533.280439421388
5941872,Swan Lake 3,IRI,51.84183048946085,-122.11433460864949,767.0123351475396
5941873,Alkali Lake 4A,IRI,51.824393399847686,-122.12230024870051,973.8161842733011
5941876,Lezbye 6,IRI,51.416863482920505,-124.07087942801448,689.8957748931645
5941879,Michel Gardens 36,IRI,52.150069507456934,-123.91472097048893,165.21307645092574
5941880,Ulkatcho 14A,IRI,52.44864100386599,-125.2740872630716,1177.6056808954554
5941881,Baezaeko River 27,IRI,52.98812860954871,-123.81162561052375,327.72754136248466
5941882,Alexandria,IRI,52.57422455308962,-122.47395687093234,2969.0463277765607
5941883,Anahim's Meadow,IRI,52.10580213628013,-123.22623168522041,1881.9775323892297
5941884,Garden,IRI,51.43565211300645,-124.05036046179443,1263.2689186661862
5941885,Little Springs,IRI,51.85306267409047,-122.09068064295911,1503.432529247683
5941886,Dragon Lake 3,IRI,52.97124103635809,-122.42881342747002,311.7913956584442
5943008,Alert Bay,VL,50.584710692408876,-126.91566849707303,1069.6698953109324
5943012,Port McNeill,T,50.5911400773798,-127.10822063301148,4903.0502767323815
5943017,Port Alice,VL,50.41210248449471,-127.47341125686413,4459.7286135876375
5943023,Port Hardy,DM,50.683554888777316,-127.45404658705979,10623.880543781243
5943027,Mount Waddington B,RDA,50.56658230153932,-128.2279003247593,69156.07963050426
5943031,Mount Waddington C,RDA,50.52011776630056,-127.46104512440974,34780.843453422305
5943033,Mount Waddington D,RDA,50.27476357430028,-126.59392021535825,43464.036309331146
5943037,Mount Waddington A,RDA,51.30343547389381,-126.44261331093256,96384.86211549735
5943804,Fort Rupert 1,IRI,50.69552259627114,-127.4055416378801,208.75814377025975
5943806,Tsulquate 4,IRI,50.736739560955215,-127.49624855956753,687.6805871980941
5943807,Dead Point 5,IRI,50.59540239022247,-126.59384253620848,486.93023357709643
5943808,Gwayasdums 1,IRI,50.69426760501934,-126.59777561558006,449.6638754642605
5943809,Hopetown 10A,IRI,50.92360141749647,-126.82157201844707,145.87291318645947
5943813,Quaee 7,IRI,50.97062061857451,-126.17850359267726,1281.1176062740697
5943815,Kippase 2,IRI,50.69373691085431,-127.41098237192709,273.5594921187968
5943816,Quatsino Subdivision 18,IRI,50.6156867611413,-127.57059014506932,566.8171238103126
5943817,Thomas Point 5,IRI,50.697141275772644,-127.38293633065604,358.4917620750443
5943826,Thomas Point 5A,IRI,50.69823642502734,-127.39119046700002,438.4941269573074
5943835,Nimpkish 2,IRI,50.58248693139712,-126.92684552478747,139.38992488423855
5943836,Hope Island 1,IRI,50.913262490765995,-127.91410685920215,5781.511816350023
5943837,Alert Bay,IRI,50.59353443637688,-126.93913987565655,1383.752079125329
5945006,Central Coast A,RDA,52.22571009957385,-127.37404630245344,121374.21612575969
5945010,Central Coast C,RDA,52.2737828926602,-126.04289348522266,51295.521359353326
5945012,Central Coast D,RDA,52.434455496152275,-126.63811277285468,21150.460668685544
5945014,Central Coast E,RDA,52.43723010617923,-126.70374051870151,25127.061197355786
5945801,Bella Bella 1,IRI,52.158648408680136,-128.15205788768475,2167.3854247808813
5945802,Bella Coola 1,IRI,52.377306862486115,-126.7297278528911,3116.420584232781
5945803,Katit 1,IRI,51.680053446935105,-127.21116338330197,2731.2530995555626
5947007,Port Edward,DM,54.221870916391865,-130.12626954771827,11603.857518653302
5947012,Prince Rupert,CY,54.29247362894568,-130.27233055739524,10131.56385572171
5947016,North Coast A,RDA,54.46380093646115,-130.2299781609471,57910.95827225757
5947021,North Coast C,RDA,53.77661386065415,-130.1308870385422,74658.8954177887
5947023,Masset,VL,54.02526640000437,-132.09468717466265,4426.288926660447
5947026,Queen Charlotte,VL,53.25394878812767,-132.08678576399416,5672.364076430796
5947027,North Coast D,RDA,53.88826599978537,-131.90478045356383,90980.0565830367
5947030,Port Clements,VL,53.66718245401339,-132.271887432288,9041.027979772563
5947032,North Coast E,RDA,52.530924677233394,-131.768979852228,87495.99655594888
5947802,Kulkayu (Hartley Bay) 4A,IRI,53.42750543938404,-129.24941130171146,592.4796183820828
5947803,Masset 1,IRI,54.03692336390107,-132.17743556325078,1969.028313115062
5947804,Skidegate 1,IRI,53.27402320117237,-131.98364620785244,3281.7434689721204
5947806,Kulkayu (Hartley Bay) 4,IRI,53.42293063954677,-129.26052065083098,752.5511062868994
5947807,Dolphin Island 1,IRI,53.77389944874164,-130.43892102153018,2699.0319952879927
5947809,Lax Kw'alaams 1,IRI,54.484263042910655,-130.4029124477316,8990.640588839837
5947810,S1/2 Tsimpsean 2,IRI,54.35491098294311,-130.44498803344726,6066.088626584267
5947823,Tlaa Gaa Aawtlaas 28,IRI,53.993043780828856,-132.13548382598862,847.0510246432582
5949005,Kitimat,DM,53.953237821002084,-128.723772464426,20702.748085057818
5949011,Terrace,CY,54.483102333669486,-128.59476910424203,6885.583120778376
5949013,Kitimat-Stikine C (Part 1),RDA,54.394296251469534,-128.5944518127552,83049.05094823928
5949018,Kitimat-Stikine E,RDA,54.51442051454809,-128.55044574548933,4435.658037482893
5949020,Kitimat-Stikine C (Part 2),RDA,53.30132360598347,-128.51928240737385,116197.68603374233
5949022,Hazelton,VL,55.25818709721278,-127.65409443341,1904.7819191614385
5949024,New Hazelton,DM,55.2302519260836,-127.63935986883658,14411.732883428143
5949028,Kitimat-Stikine B,RDA,55.429008976169555,-127.85043013899539,83087.57998295622
5949032,Stewart,DM,56.09615151789436,-130.2394425388815,29356.83190406783
5949035,Nisga'a,NL,55.17851763145409,-129.38365630391434,48202.39090206523
5949038,Kitimat-Stikine F,RDA,58.50578174304687,-129.98827735562736,79804.29096848976
5949039,Kitimat-Stikine A,RDA,55.93871846225471,-129.836051660917,142808.03441388492
5949041,Kitimat-Stikine D,RDA,57.569435562840596,-131.03235968460444,127099.23614111319
5949802,Kitasoo 1,IRI,52.58926876342248,-128.52807333577528,1421.8253425928012
5949803,Kitamaat 2,IRI,53.96945980760459,-128.6444017599276,1222.703425990517
5949804,Kitsumkaylum 1,IRI,54.52339657737939,-128.67131957633748,2022.661587702494
5949805,Kshish 4,IRI,54.561456972754335,-128.46120030257046,1906.9201729472493
5949807,Kulspai 6,IRI,54.49329517106728,-128.58422165094356,217.4332801336304
5949810,Coryatsaqua (Moricetown) 2,IRI,55.03951413292049,-127.33964263783818,854.0290580654355
5949811,Hagwilget 1,IRI,55.25760898751323,-127.60291626292722,970.7492220389416
5949812,Gitanmaax 1,IRI,55.268490693976986,-127.67851281449423,2697.9824011639885
5949813,Kispiox 1,IRI,55.35252113028223,-127.68319257377924,2627.738078746221
5949814,Gitsegukla 1,IRI,55.10624911711125,-127.82203424010024,4294.200667520821
5949815,Gitanyow 1,IRI,55.26445742040017,-128.07609096137736,1716.822460233703
5949816,Gitwangak 1,IRI,55.09267723815752,-128.0639453523995,3722.0081367590083
5949817,Moricetown 1,IRI,55.01189299726483,-127.32270399524334,1779.9846675484778
5949818,Sik-e-dakh 2,IRI,55.30901854396264,-127.68836011856767,1755.1025810432443
5949819,Babine 17,IRI,55.028573061946354,-127.33968798701123,808.7538949121589
5949820,Bulkley River 19,IRI,55.03091547671827,-127.32037999603386,1054.078603333796
5949832,Iskut 6,IRI,57.83783930885979,-129.98536196091985,895.3001891463722
5949843,Guhthe Tah 12,IRI,57.90380845418495,-131.1749554799377,564.7693305108398
5949844,Kitselas 1,IRI,54.60935223541836,-128.42417672919152,1731.610579966662
5949845,Dease Lake 9,IRI,58.47306358350998,-130.02463474156028,865.9271657078909
5949846,Tahltan 1,IRI,58.01052033145523,-130.98681237687913,1348.9558573177057
5949847,Telegraph Creek,IRI,57.910802770203176,-131.16011492663944,622.5094181430492
5951007,Vanderhoof,DM,54.01285567621852,-124.09502334210362,17581.7509841746
5951009,Fraser Lake,VL,54.05774789906995,-124.86744331237564,15407.908176521089
5951013,Fort St. James,DM,54.46453083223201,-124.2286144483364,4794.450445678518
5951015,Bulkley-Nechako C,RDA,55.090065771101784,-125.2280882385005,148974.28747659348
5951017,Bulkley-Nechako D,RDA,53.82815654532016,-124.85197388504213,52440.95502817819
5951019,Bulkley-Nechako F,RDA,53.86505420516015,-123.84573238405859,56871.88276721788
5951022,Burns Lake,VL,54.225677767626614,-125.72975773563698,16795.038877216448
5951028,Bulkley-Nechako B,RDA,54.40300930673987,-125.73605263876716,49958.9996633329
5951031,Bulkley-Nechako E,RDA,53.45573109391153,-126.30405575306605,99309.00902998353
5951032,Granisle,VL,54.947323901705396,-126.22123680423515,8231.658539234886
5951034,Houston,DM,54.40400860304658,-126.67023266514353,7078.76253922236
5951038,Telkwa,VL,54.68579856442444,-127.05712977117133,2796.957650605266
5951043,Smithers,T,54.79096900151355,-127.16312560870473,5222.65858548259
5951051,Bulkley-Nechako A,RDA,54.75505513534954,-127.20797654146028,45920.33836763606
5951053,Bulkley-Nechako G,RDA,54.49522944289801,-127.72067311290219,170566.75777489346
5951801,Ye Koo Che 3,IRI,54.59948078023452,-125.07357938525375,1333.8165615204323
5951802,Nautley (Fort Fraser) 1,IRI,54.077669787603725,-124.59198137622715,2410.1914561537897
5951803,Nak'azdli,IRI,54.431658888861485,-124.24901954903528,1387.7794392066655
5951804,Sowchea 3,IRI,54.421741680654954,-124.39589143566062,872.8210606326627
5951805,Binche 2,IRI,54.56927877457376,-124.51281821186782,2850.9879616991943
5951806,Seaspunkut 4,IRI,54.05864260160656,-124.76687708864854,1225.688260321187
5951807,Stellaquo (Stella) 1,IRI,54.05226562426104,-124.90789502508484,2305.0958487298312
5951809,Stony Creek 1,IRI,53.93985987142441,-124.12096223861417,4065.961969874445
5951810,Tache 1,IRI,54.66238485904278,-124.73491261735353,3353.062177883495
5951811,Tacla Lake (Ferry Landing) 9,IRI,55.317886351786534,-126.02696849513748,831.0054433676052
5951813,Laketown 3,IRI,53.92329358778733,-124.18541525678239,1118.5626719461454
5951814,Dzitline Lee 9,IRI,54.881586562266556,-125.13220144771086,2051.530708258987
5951815,Burns Lake 18,IRI,54.23399694290424,-125.76573373311703,1134.3573336340112
5951818,Cheslatta 1,IRI,53.95423850613097,-125.72319735944048,31972.055194437027
5951819,Omineca 1,IRI,53.991139859389,-125.85482328772737,554.3901304862752
5951820,Palling 1,IRI,54.33069896379263,-125.89025087957212,910.8987125837496
5951821,Duncan Lake 2,IRI,54.420628710340445,-126.13443783956555,644.49581598584
5951822,Francois Lake 7,IRI,54.0096135896202,-125.95133746295632,993.9915285992078
5951823,Skins Lake 16A,IRI,53.99725295886049,-125.8792005765338,601.5072320716991
5951824,Skins Lake 16B,IRI,53.94853318313963,-125.6545445300278,604.3093591152281
5951825,Tatla West 11,IRI,53.986234981595,-126.49598890339155,557.419709903101
5951826,Uncha Lake 13A,IRI,53.933983547774375,-125.66851518431439,514.0555007087128
5951827,Woyenne 27,IRI,54.23895184110253,-125.76249365569936,339.6129221125366
5951828,Babine 6,IRI,55.323354275372004,-126.62121665849857,1074.84062359908
5951829,Babine 25,IRI,54.81763721990186,-126.14842920050503,646.3585433615918
5951830,Jean Baptiste 28,IRI,54.7471425506793,-127.01483960079995,973.128911968201
5951831,Babine 16,IRI,55.32406549336944,-126.64336310132838,1224.9100784657971
5951832,Noonla 6,IRI,54.02180421580118,-124.07401701632324,717.3940257197955
5951833,Tatla't East 2,IRI,53.986436221598844,-126.48330567804157,683.6847077980202
5951840,Williams Prairie Meadow 1A,IRI,54.47144528797199,-124.19567934418698,575.6254589704682
5951844,Poison Creek 17A,IRI,54.227521797929306,-125.78614749479728,574.7289709023777
5951845,Tadinlay 15,IRI,55.069674803337506,-126.51048165609404,1015.9569279937224
5951846,Nedoats 11,IRI,55.048270654293404,-126.32385073229743,1385.80670959641
5951847,Babine Lake 21B,IRI,54.49123859885655,-125.64766021714225,137.63087324450305
5951848,North Tacla Lake,IRI,55.482522604633395,-125.97070842091514,1009.6947478063644
5951849,Mission Lands 17,IRI,54.45371879472237,-124.2691138800399,531.9490046929501
5953007,Valemount,VL,52.83076795489002,-119.2684817425941,1746.1158956659144
5953012,McBride,VL,53.306253541509854,-120.17138059012517,1948.9810529305769
5953019,Fraser-Fort George H,RDA,53.18133619587611,-119.65525711599652,130744.33142757462
5953023,Prince George,CY,53.92365646030529,-122.779978122848,13508.910662894796
5953033,Mackenzie,DM,55.30728531905955,-123.1708081991509,11054.460007793597
5953038,Fraser-Fort George A,RDA,54.069796519124594,-123.06434098072891,35779.53072091211
5953042,Fraser-Fort George C,RDA,53.64421779272751,-123.11211615049423,41517.640489157064
5953044,Fraser-Fort George D,RDA,53.75690725073998,-122.53604267454627,20260.11593204108
5953046,Fraser-Fort George E,RDA,53.51062924584189,-122.44481271714993,19356.326834058946
5953048,Fraser-Fort George F,RDA,53.91448584940994,-121.36036973983543,87255.38084151314
5953050,Fraser-Fort George G,RDA,55.12506446569472,-122.78691532249172,114067.95805320077
5953801,Fort George 2,IRI,54.016494945956204,-122.62577952189312,1671.8246899501448
5953802,McLeod Lake 1,IRI,54.96679383791306,-123.04665435053029,3161.666744245954
5955003,Tumbler Ridge,DM,55.0536488880916,-121.20944101523399,29739.75409538276
5955005,Pouce Coupe,VL,55.718240665132285,-120.12932265681978,1201.0357819226842
5955010,Chetwynd,DM,55.71984321926446,-121.69516214764042,37420.92698349783
5955014,Dawson Creek,CY,55.76109113129608,-120.22052229384039,5203.849000305245
5955021,Peace River D,RDA,54.97125431481792,-120.39964576283693,131019.99778008384
5955023,Peace River E,RDA,55.39559826959495,-122.17210374444427,121616.85949977394
5955025,Hudson's Hope,DM,56.02491079411037,-121.99787597495794,20696.473287076373
5955030,Taylor,DM,56.15371263861748,-120.6804302172403,3253.721386056663
5955034,Fort St. John,CY,56.248769346298815,-120.8214868070573,5434.2457487353795
5955040,Peace River B,RDA,57.01383743974507,-123.68251514211858,240529.00881500528
5955042,Peace River C,RDA,56.2161901016088,-120.76930342271244,27147.580739141544
5955801,East Moberly Lake 169,IRI,55.84426406637249,-121.63978806956854,4339.856428118043
5955802,West Moberly Lake 168A,IRI,55.805876363324025,-121.88425122737566,4432.58590214641
5955803,Blueberry River 205,IRI,56.70265395842214,-121.09454392633327,3759.876217586822
5955804,Doig River 206,IRI,56.57699071415297,-120.48834275185875,2967.0056750706126
5955807,Fort Ware 1,IRI,57.423168239636446,-125.63880938074422,2165.776450334173
5955808,Halfway River 168,IRI,56.47352507552081,-121.87988340307365,8411.670356932027
5955812,Ingenika Point,S-√â,56.79568126391569,-124.90694038627132,1771.023058616919
5955840,Finlay River 6,IRI,56.90152176376851,-124.96477375812071,2640.0811167562456
5955850,Mesilinka 7,IRI,56.36475885681898,-125.41638933446222,2338.89741772857
5957022,Stikine Region,RDA,58.217719921931476,-131.312109627187,472457.1886071243
5957802,Unnamed 10,IRI,59.56830997572248,-133.70287352656223,148.52431606459285
5957803,Five Mile Point 3,IRI,59.49885771152227,-133.64927230707326,2727.5152595543777
5957804,Good Hope Lake,S-√â,59.18840079795058,-129.22287823815319,495.468751287942
5957813,Lower Post,S-√â,59.92429345427756,-128.49766551497615,278.65144850514275
5957814,Liard River 3,IRI,59.92818016092558,-128.5038430951934,1311.5116668443789
5957820,Dease River 1,IRI,59.287308320700205,-129.2908292831289,1136.6613622704838
5959007,Northern Rockies,RGM,59.05960534521712,-123.74484849542321,241549.5473063743
5959805,Fontas 1,IRI,58.285392012899,-121.72617791195758,275.04537843413806
5959806,Fort Nelson 2,IRI,58.795396767544425,-122.54931707454999,8958.15391886139
5959809,Kahntah 3,IRI,58.35593642336934,-120.90767230802379,230.9426070736668
5959810,Prophet River 4,IRI,58.08021910430741,-122.69495414050678,1681.3473492240605
5915020,UBC Campus,RDA,49.25470285248091,-123.22747167936896,3106.3925290422926
